Date,Open
03-12-2007,181.86
04-12-2007,177.15
05-12-2007,182.89
06-12-2007,186.19
07-12-2007,190.54
10-12-2007,193.59
11-12-2007,194.75
12-12-2007,193.44
13-12-2007,190.19
14-12-2007,190.37
17-12-2007,190.72
18-12-2007,186.52
19-12-2007,182.98
20-12-2007,185.43
21-12-2007,190.12
24-12-2007,195.03
26-12-2007,199.01
27-12-2007,198.95
28-12-2007,200.59
31-12-2007,199.5
02-01-2008,199.27
03-01-2008,195.41
04-01-2008,191.45
07-01-2008,181.25
08-01-2008,180.14
09-01-2008,171.3
10-01-2008,177.58
11-01-2008,176
14-01-2008,177.52
15-01-2008,177.72
16-01-2008,165.23
17-01-2008,161.51
18-01-2008,161.71
22-01-2008,148.06
23-01-2008,136.19
24-01-2008,139.99
25-01-2008,138.99
28-01-2008,128.16
29-01-2008,131.15
30-01-2008,131.37
31-01-2008,129.45
01-02-2008,136.24
04-02-2008,134.21
05-02-2008,130.43
06-02-2008,130.83
07-02-2008,119.97
08-02-2008,122.08
11-02-2008,128.01
12-02-2008,130.7
13-02-2008,126.68
14-02-2008,129.4
15-02-2008,126.27
19-02-2008,125.99
20-02-2008,122.2
21-02-2008,126.05
22-02-2008,122.48
25-02-2008,118.59
26-02-2008,117.64
27-02-2008,118.23
28-02-2008,127.2
29-02-2008,129.75
03-03-2008,124.44
04-03-2008,121.99
05-03-2008,123.58
06-03-2008,124.4899
07-03-2008,120.41
10-03-2008,121.98
11-03-2008,124.1
12-03-2008,127.04
13-03-2008,124.1
14-03-2008,129.88
17-03-2008,122.55
18-03-2008,129.18
19-03-2008,133.12
20-03-2008,131.12
24-03-2008,134.01
25-03-2008,139.96
26-03-2008,140.87
27-03-2008,144.95
28-03-2008,141.8
31-03-2008,143.27
01-04-2008,146.3
02-04-2008,148.78
03-04-2008,147.06
04-04-2008,152.19
07-04-2008,156.13
08-04-2008,153.55
09-04-2008,153.31
10-04-2008,151.13
11-04-2008,152.72
14-04-2008,146.77
15-04-2008,149.4
16-04-2008,151.76
17-04-2008,154.18
18-04-2008,159.04
21-04-2008,162.35
22-04-2008,167.41
23-04-2008,164.05
24-04-2008,165.31
25-04-2008,170.6
28-04-2008,169.74
29-04-2008,171.11
30-04-2008,176.26
01-05-2008,175.01
02-05-2008,180.31
05-05-2008,181.81
06-05-2008,184.56
07-05-2008,186.13
08-05-2008,183.75
09-05-2008,183.18
12-05-2008,185.12
13-05-2008,188.6
14-05-2008,191.29
15-05-2008,186.78
16-05-2008,190.3
19-05-2008,187.9
20-05-2008,181.83
21-05-2008,185.61
22-05-2008,179.18
23-05-2008,180.75
27-05-2008,182.8
28-05-2008,187.49
29-05-2008,186.93
30-05-2008,187.5
02-06-2008,188.5
03-06-2008,186.9
04-06-2008,184
05-06-2008,186.25
06-06-2008,188
09-06-2008,184.92
10-06-2008,180.33
11-06-2008,184.34
12-06-2008,181.45
13-06-2008,171.5
16-06-2008,171.25
17-06-2008,178.17
18-06-2008,181
19-06-2008,178.48
20-06-2008,176.55
23-06-2008,174.78
24-06-2008,172.06
25-06-2008,174.5
26-06-2008,174.14
27-06-2008,166.44
30-06-2008,170.04
01-07-2008,164.05
02-07-2008,175.05
03-07-2008,169.59
07-07-2008,173
08-07-2008,175.4
09-07-2008,180.25
10-07-2008,174.91
11-07-2008,175.37
14-07-2008,175.37
15-07-2008,172.3
16-07-2008,170.08
17-07-2008,174.09
18-07-2008,168.21
21-07-2008,166.9
22-07-2008,148.9
23-07-2008,165.15
24-07-2008,164.3
25-07-2008,160.37
28-07-2008,162.18
29-07-2008,156.55
30-07-2008,157.71
31-07-2008,157.7
01-08-2008,159.94
04-08-2008,156.58
05-08-2008,155.5
06-08-2008,159.97
07-08-2008,162.89
08-08-2008,163.86
11-08-2008,170.07
12-08-2008,173.52
13-08-2008,177.98
14-08-2008,178.33
15-08-2008,179.04
18-08-2008,175.57
19-08-2008,174.54
20-08-2008,174.7725
21-08-2008,174.47
22-08-2008,175.82
25-08-2008,176.15
26-08-2008,172.76
27-08-2008,173.31
28-08-2008,175.28
29-08-2008,172.96
02-09-2008,172.4
03-09-2008,166.84
04-09-2008,165.86
05-09-2008,158.59
08-09-2008,164.57
09-09-2008,156.86
10-09-2008,152.32
11-09-2008,148.18
12-09-2008,150.9099
15-09-2008,142.03
16-09-2008,133.86
17-09-2008,138.49
18-09-2008,130.57
19-09-2008,142.6
22-09-2008,139.94
23-09-2008,131.85
24-09-2008,127.27
25-09-2008,129.8
26-09-2008,124.91
29-09-2008,119.62
30-09-2008,108.25
01-10-2008,111.92
02-10-2008,108.01
03-10-2008,104
06-10-2008,91.96
07-10-2008,100.48
08-10-2008,85.9125
09-10-2008,93.35
10-10-2008,85.7
13-10-2008,104.55
14-10-2008,116.26
15-10-2008,103.84
16-10-2008,99.77
17-10-2008,99.6
20-10-2008,99.78
21-10-2008,96.95
22-10-2008,97.37
23-10-2008,96.51
24-10-2008,90.33
27-10-2008,95.07
28-10-2008,95.43
29-10-2008,100.86
30-10-2008,108.23
31-10-2008,107.4
03-11-2008,105.93
04-11-2008,109.99
05-11-2008,108.91
06-11-2008,101.05
07-11-2008,99.24
10-11-2008,100.17
11-11-2008,94.81
12-11-2008,92.43
13-11-2008,89.87
14-11-2008,93.76
17-11-2008,88.48
18-11-2008,89.64
19-11-2008,89.44
20-11-2008,85.24
21-11-2008,81.93
24-11-2008,85.21
25-11-2008,94.63
26-11-2008,89.92
28-11-2008,94.7
01-12-2008,91.3
02-12-2008,90.03
03-12-2008,89.4
04-12-2008,94.43
05-12-2008,90.35
08-12-2008,97.28
09-12-2008,98.395
10-12-2008,97.87
11-12-2008,97.35
12-12-2008,92.8
15-12-2008,95.99
16-12-2008,93.98
17-12-2008,91.03
18-12-2008,89.31
19-12-2008,90.13
22-12-2008,90.02
23-12-2008,86.87
24-12-2008,86.14
26-12-2008,86.64
29-12-2008,86.52
30-12-2008,87.42
31-12-2008,85.97
02-01-2009,85.88
05-01-2009,93.17
06-01-2009,95.95
07-01-2009,91.81
08-01-2009,90.43
09-01-2009,93.21
12-01-2009,90.46
13-01-2009,88.24
14-01-2009,86.24
15-01-2009,80.56
16-01-2009,84.3
20-01-2009,81.93
21-01-2009,79.45
22-01-2009,88
23-01-2009,86.81
26-01-2009,88.88
27-01-2009,90.19
28-01-2009,92.15
29-01-2009,93.09
30-01-2009,92.62
02-02-2009,89.1
03-02-2009,91.92
04-02-2009,93.24
05-02-2009,92.77
06-02-2009,97
09-02-2009,101.165
10-02-2009,101.17
11-02-2009,96.35
12-02-2009,95.83
13-02-2009,99.11
17-02-2009,96.79
18-02-2009,95.03
19-02-2009,93.37
20-02-2009,89.4
23-02-2009,91.6
24-02-2009,87.4475
25-02-2009,89.86
26-02-2009,92
27-02-2009,87.91
02-03-2009,89.31
03-03-2009,88.83
04-03-2009,90.24
05-03-2009,90.25
06-03-2009,88.34
09-03-2009,84.12
10-03-2009,84.87
11-03-2009,89.9
12-03-2009,92.9703
13-03-2009,96.3
16-03-2009,96.45
17-03-2009,95.26
18-03-2009,99.91
19-03-2009,101.91
20-03-2009,102.09
23-03-2009,102.71
24-03-2009,106.36
25-03-2009,107.58
26-03-2009,107.83
27-03-2009,108.23
30-03-2009,104.51
31-03-2009,105.45
01-04-2009,104.09
02-04-2009,110.145
03-04-2009,114.19
06-04-2009,114.94
07-04-2009,116.53
08-04-2009,115.43
09-04-2009,118.42
13-04-2009,120.01
14-04-2009,119.57
15-04-2009,117.2
16-04-2009,119.19
17-04-2009,121.18
20-04-2009,121.73
21-04-2009,118.89
22-04-2009,122.63
23-04-2009,126.62
24-04-2009,124.64
27-04-2009,122.9
28-04-2009,123.3501
29-04-2009,124.85
30-04-2009,126.22
01-05-2009,125.8
04-05-2009,128.24
05-05-2009,131.75
06-05-2009,133.33
07-05-2009,132.33
08-05-2009,129.04
11-05-2009,127.37
12-05-2009,129.56
13-05-2009,123.21
14-05-2009,119.78
15-05-2009,122.32
18-05-2009,123.73
19-05-2009,126.82
20-05-2009,127.63
21-05-2009,125.15
22-05-2009,124.05
26-05-2009,124.76
27-05-2009,131.78
28-05-2009,133.45
29-05-2009,135.39
01-06-2009,136.47
02-06-2009,138.99
03-06-2009,140
04-06-2009,140.13
05-06-2009,145.31
08-06-2009,143.82
09-06-2009,143.81
10-06-2009,142.28
11-06-2009,139.55
12-06-2009,138.81
15-06-2009,136.01
16-06-2009,136.66
17-06-2009,136.67
18-06-2009,136.11
19-06-2009,138.07
22-06-2009,140.67
23-06-2009,136.4
24-06-2009,135.42
25-06-2009,135.75
26-06-2009,139.79
29-06-2009,143.46
30-06-2009,142.58
01-07-2009,143.5
02-07-2009,141.25
06-07-2009,138.7
07-07-2009,138.48
08-07-2009,135.92
09-07-2009,137.76
10-07-2009,136.34
13-07-2009,139.54
14-07-2009,142.03
15-07-2009,145.04
16-07-2009,145.76
17-07-2009,149.08
20-07-2009,153.27
21-07-2009,153.29
22-07-2009,157.79
23-07-2009,156.63
24-07-2009,156.95
27-07-2009,160.17
28-07-2009,158.88
29-07-2009,158.9
30-07-2009,161.7
31-07-2009,162.9881
03-08-2009,165.21
04-08-2009,164.93
05-08-2009,165.75
06-08-2009,165.58
07-08-2009,165.49
10-08-2009,165.66
11-08-2009,163.69
12-08-2009,162.55
13-08-2009,166.65
14-08-2009,167.94
17-08-2009,163.55
18-08-2009,161.63
19-08-2009,162.75
20-08-2009,164.98
21-08-2009,167.65
24-08-2009,170.12
25-08-2009,169.4599
26-08-2009,168.92
27-08-2009,168.75
28-08-2009,172.27
31-08-2009,168.16
01-09-2009,167.99
02-09-2009,164.62
03-09-2009,166.44
04-09-2009,167.2757
08-09-2009,172.98
09-09-2009,172.78
10-09-2009,172.06
11-09-2009,172.91
14-09-2009,170.83
15-09-2009,174.04
16-09-2009,177.99
17-09-2009,181.98
18-09-2009,185.83
21-09-2009,184.29
22-09-2009,185.19
23-09-2009,185.4
24-09-2009,187.2
25-09-2009,182.01
28-09-2009,183.87
29-09-2009,186.73
30-09-2009,186.13
01-10-2009,185.35
02-10-2009,181.41
05-10-2009,186.2
06-10-2009,187.74
07-10-2009,189.76
08-10-2009,190.66
09-10-2009,188.97
12-10-2009,191.02
13-10-2009,190.63
14-10-2009,192.25
15-10-2009,189.63
16-10-2009,189.35
19-10-2009,187.85
20-10-2009,200.6
21-10-2009,199.52
22-10-2009,204.7
23-10-2009,205.7
26-10-2009,203.67
27-10-2009,201.66
28-10-2009,197.71
29-10-2009,195
30-10-2009,196.056
02-11-2009,189.8
03-11-2009,187.85
04-11-2009,190.73
05-11-2009,192.4
06-11-2009,192.51
09-11-2009,196.94
10-11-2009,201.02
11-11-2009,204.56
12-11-2009,203.14
13-11-2009,202.87
16-11-2009,205.48
17-11-2009,206.08
18-11-2009,206.54
19-11-2009,204.61
20-11-2009,199.15
23-11-2009,203
24-11-2009,205.33
25-11-2009,205.4
27-11-2009,199.22
30-11-2009,201.11
01-12-2009,202.24
02-12-2009,198.96
03-12-2009,197.42
04-12-2009,199.6995
07-12-2009,193.32
08-12-2009,189.36
09-12-2009,191.28
10-12-2009,199.5
11-12-2009,197.78
14-12-2009,195.37
15-12-2009,195.83
16-12-2009,195.1
17-12-2009,194.26
18-12-2009,193.17
21-12-2009,196.05
22-12-2009,199.44
23-12-2009,201.25
24-12-2009,203.55
28-12-2009,211.72
29-12-2009,212.63
30-12-2009,208.83
31-12-2009,213.13
04-01-2010,213.43
05-01-2010,214.6
06-01-2010,214.38
07-01-2010,211.75
08-01-2010,210.3
11-01-2010,212.8
12-01-2010,209.19
13-01-2010,207.87
14-01-2010,210.11
15-01-2010,210.93
19-01-2010,208.33
20-01-2010,214.91
21-01-2010,212.08
22-01-2010,206.78
25-01-2010,202.51
26-01-2010,205.95
27-01-2010,206.85
28-01-2010,204.93
29-01-2010,201.08
01-02-2010,192.37
02-02-2010,195.91
03-02-2010,195.17
04-02-2010,196.73
05-02-2010,192.625
08-02-2010,195.69
09-02-2010,196.42
10-02-2010,195.89
11-02-2010,194.88
12-02-2010,198.11
16-02-2010,201.94
17-02-2010,204.19
18-02-2010,201.63
19-02-2010,201.86
22-02-2010,202.34
23-02-2010,200
24-02-2010,198.23
25-02-2010,197.38
26-02-2010,202.38
01-03-2010,205.75
02-03-2010,209.93
03-03-2010,208.94
04-03-2010,209.28
05-03-2010,214.94
08-03-2010,220.01
09-03-2010,218.31
10-03-2010,223.8295
11-03-2010,223.91
12-03-2010,227.37
15-03-2010,225.38
16-03-2010,224.18
17-03-2010,224.9
18-03-2010,224.1
19-03-2010,224.79
22-03-2010,220.47
23-03-2010,225.64
24-03-2010,227.64
25-03-2010,230.458
26-03-2010,228.95
29-03-2010,233
30-03-2010,236.6027
31-03-2010,235.49
01-04-2010,237.49
05-04-2010,234.975
06-04-2010,238.2
07-04-2010,239.72
08-04-2010,240.44
09-04-2010,241.43
12-04-2010,242.2
13-04-2010,241.86
14-04-2010,245.28
15-04-2010,245.78
16-04-2010,248.57
19-04-2010,247.03
20-04-2010,248.54
21-04-2010,258.805
22-04-2010,258.24
23-04-2010,267.99
26-04-2010,271.88
27-04-2010,267.27
28-04-2010,263.25
29-04-2010,263.02
30-04-2010,269.31
03-05-2010,263.84
04-05-2010,262.89
05-05-2010,253.03
06-05-2010,253.83
07-05-2010,243.71
10-05-2010,250.25
11-05-2010,251.84
12-05-2010,259.245
13-05-2010,263.22
14-05-2010,255.165
17-05-2010,254.7
18-05-2010,256.98
19-05-2010,249.5
20-05-2010,241.88
21-05-2010,232.82
24-05-2010,247.28
25-05-2010,239.35
26-05-2010,250.08
27-05-2010,250.6
28-05-2010,259.3881
01-06-2010,259.69
02-06-2010,264.54
03-06-2010,265.18
04-06-2010,258.21
07-06-2010,258.29
08-06-2010,253.24
09-06-2010,251.47
10-06-2010,244.84
11-06-2010,248.225
14-06-2010,255.96
15-06-2010,255.64
16-06-2010,261.1
17-06-2010,270.6
18-06-2010,272.25
21-06-2010,277.69
22-06-2010,272.16
23-06-2010,274.58
24-06-2010,271
25-06-2010,270.06
28-06-2010,266.93
29-06-2010,264.1205
30-06-2010,256.71
01-07-2010,254.3
02-07-2010,250.49
06-07-2010,251
07-07-2010,250.49
08-07-2010,262.48
09-07-2010,256.89
12-07-2010,258.53
13-07-2010,256.32
14-07-2010,249.38
15-07-2010,248.23
16-07-2010,253.18
19-07-2010,249.88
20-07-2010,242.9
21-07-2010,265.09
22-07-2010,257.68
23-07-2010,257.09
26-07-2010,260
27-07-2010,260.87
28-07-2010,263.67
29-07-2010,260.71
30-07-2010,255.8925
02-08-2010,260.44
03-08-2010,261.01
04-08-2010,262.84
05-08-2010,261.73
06-08-2010,259.78
09-08-2010,261.48
10-08-2010,259.85
11-08-2010,255.4
12-08-2010,246.69
13-08-2010,251.65
16-08-2010,247.58
17-08-2010,250.08
18-08-2010,252.36
19-08-2010,252.84
20-08-2010,249.39
23-08-2010,251.79
24-08-2010,242.67
25-08-2010,238.04
26-08-2010,245.45
27-08-2010,241.75
30-08-2010,240.76
31-08-2010,241.85
01-09-2010,247.47
02-09-2010,251.2623
03-09-2010,255.09
07-09-2010,256.64
08-09-2010,259.78
09-09-2010,265.04
10-09-2010,263.19
13-09-2010,265.82
14-09-2010,266.21
15-09-2010,268.17
16-09-2010,270.24
17-09-2010,277.69
20-09-2010,276.08
21-09-2010,283.86
22-09-2010,282.71
23-09-2010,286.33
24-09-2010,292.1
27-09-2010,293.975
28-09-2010,291.77
29-09-2010,287.23
30-09-2010,289
01-10-2010,283.75
04-10-2010,281.6
05-10-2010,282
06-10-2010,289.59
07-10-2010,290.3362
08-10-2010,291.7129
11-10-2010,294.74
12-10-2010,295.41
13-10-2010,300.2
14-10-2010,301.69
15-10-2010,307.44
18-10-2010,318.47
19-10-2010,303.4
20-10-2010,309
21-10-2010,312.36
22-10-2010,309.07
25-10-2010,309.09
26-10-2010,306.87
27-10-2010,307.65
28-10-2010,307.95
29-10-2010,304.23
01-11-2010,302.22
02-11-2010,307
03-11-2010,311.37
04-11-2010,315.45
05-11-2010,317.99
08-11-2010,317.2
09-11-2010,321.05
10-11-2010,316.64
11-11-2010,315
12-11-2010,316
15-11-2010,308.46
16-11-2010,305.72
17-11-2010,301.2
18-11-2010,305.2
19-11-2010,307.97
22-11-2010,306.68
23-11-2010,310.45
24-11-2010,312
26-11-2010,313.74
29-11-2010,315.5
30-11-2010,313.54
01-12-2010,315.27
02-12-2010,317.53
03-12-2010,317.01
06-12-2010,318.64
07-12-2010,323.8
08-12-2010,319.63
09-12-2010,322.1317
10-12-2010,319.65
13-12-2010,324.37
14-12-2010,321.73
15-12-2010,320
16-12-2010,321.09
17-12-2010,321.63
20-12-2010,321.6
21-12-2010,323
22-12-2010,324.36
23-12-2010,325
27-12-2010,322.8519
28-12-2010,325.9102
29-12-2010,326.22
30-12-2010,325.48
31-12-2010,322.95
03-01-2011,325.64
04-01-2011,332.44
05-01-2011,329.55
06-01-2011,334.7194
07-01-2011,333.99
10-01-2011,338.83
11-01-2011,344.88
12-01-2011,343.25
13-01-2011,345.16
14-01-2011,345.89
18-01-2011,329.52
19-01-2011,348.35
20-01-2011,336.43
21-01-2011,333.77
24-01-2011,326.87
25-01-2011,336.33
26-01-2011,342.96
27-01-2011,343.78
28-01-2011,344.17
31-01-2011,335.8
01-02-2011,341.3
02-02-2011,344.45
03-02-2011,343.8
04-02-2011,343.64
07-02-2011,347.89
08-02-2011,353.68
09-02-2011,355.19
10-02-2011,357.39
11-02-2011,354.7526
14-02-2011,356.79
15-02-2011,359.19
16-02-2011,360.8
17-02-2011,357.25
18-02-2011,358.71
22-02-2011,342.15
23-02-2011,338.77
24-02-2011,344.02
25-02-2011,345.26
28-02-2011,351.24
01-03-2011,355.47
02-03-2011,349.96
03-03-2011,357.19
04-03-2011,360.07
07-03-2011,361.4
08-03-2011,354.91
09-03-2011,354.69
10-03-2011,349.12
11-03-2011,345.33
14-03-2011,353.18
15-03-2011,342.1
16-03-2011,342
17-03-2011,336.83
18-03-2011,337.13
21-03-2011,335.99
22-03-2011,342.56
23-03-2011,339.28
24-03-2011,341.85
25-03-2011,348.07
28-03-2011,353.15
29-03-2011,347.66
30-03-2011,350.64
31-03-2011,346.36
01-04-2011,351.11
04-04-2011,344.31
05-04-2011,336.99
06-04-2011,341.22
07-04-2011,338.1
08-04-2011,339.92
11-04-2011,334.06
12-04-2011,330.49
13-04-2011,335.02
14-04-2011,334.8
15-04-2011,333.3
18-04-2011,326.1
19-04-2011,333.1
20-04-2011,343.51
21-04-2011,355
25-04-2011,350.34
26-04-2011,353.62
27-04-2011,352.24
28-04-2011,346.19
29-04-2011,346.78
02-05-2011,349.74
03-05-2011,347.99
04-05-2011,348.26
05-05-2011,348.4
06-05-2011,349.69
09-05-2011,347.86
10-05-2011,348.89
11-05-2011,349.02
12-05-2011,346.12
13-05-2011,345.66
16-05-2011,339.2
17-05-2011,332
18-05-2011,336.47
19-05-2011,342.08
20-05-2011,339.56
23-05-2011,329.97
24-05-2011,335.5
25-05-2011,333.43
26-05-2011,335.97
27-05-2011,334.8
31-05-2011,341.1
01-06-2011,348.87
02-06-2011,346.5
03-06-2011,343.18
06-06-2011,344.84
07-06-2011,338.17
08-06-2011,331.78
09-06-2011,333.25
10-06-2011,330.55
13-06-2011,327.2
14-06-2011,330
15-06-2011,329.75
16-06-2011,326.9
17-06-2011,328.99
20-06-2011,317.355
21-06-2011,316.68
22-06-2011,325.16
23-06-2011,318.94
24-06-2011,331.37
27-06-2011,327.59
28-06-2011,333.65
29-06-2011,336.04
30-06-2011,334.7
01-07-2011,335.95
05-07-2011,343
06-07-2011,348.95
07-07-2011,354.67
08-07-2011,353.34
11-07-2011,356.34
12-07-2011,353.53
13-07-2011,358.33
14-07-2011,361.01
15-07-2011,361.17
18-07-2011,365.43
19-07-2011,378
20-07-2011,396.12
21-07-2011,386.95
22-07-2011,388.32
25-07-2011,390.35
26-07-2011,400
27-07-2011,400.59
28-07-2011,391.62
29-07-2011,387.64
01-08-2011,397.78
02-08-2011,397.65
03-08-2011,390.98
04-08-2011,389.41
05-08-2011,380.44
08-08-2011,361.69
09-08-2011,361.3
10-08-2011,371.15
11-08-2011,370.52
12-08-2011,378.07
15-08-2011,379.63
16-08-2011,381.52
17-08-2011,382.31
18-08-2011,370.84
19-08-2011,362.17
22-08-2011,364.51
23-08-2011,360.3
24-08-2011,373.47
25-08-2011,365.08
26-08-2011,371.17
29-08-2011,388.18
30-08-2011,388.25
31-08-2011,390.57
01-09-2011,385.82
02-09-2011,374.74
06-09-2011,367.37
07-09-2011,385.56
08-09-2011,382.4
09-09-2011,383.93
12-09-2011,375.89
13-09-2011,382.14
14-09-2011,387.02
15-09-2011,391.43
16-09-2011,395.54
19-09-2011,397
20-09-2011,415.25
21-09-2011,419.64
22-09-2011,401.03
23-09-2011,400.28
26-09-2011,399.86
27-09-2011,408.73
28-09-2011,400.19
29-09-2011,401.92
30-09-2011,387.12
03-10-2011,380.37
04-10-2011,374.57
05-10-2011,367.86
06-10-2011,373.33
07-10-2011,375.78
10-10-2011,379.09
11-10-2011,392.57
12-10-2011,407.34
13-10-2011,404.98
14-10-2011,416.83
17-10-2011,421.74
18-10-2011,421.76
19-10-2011,401.35
20-10-2011,400
21-10-2011,398.1
24-10-2011,396.18
25-10-2011,405.03
26-10-2011,401.76
27-10-2011,407.56
28-10-2011,403
31-10-2011,402.42
01-11-2011,397.41
02-11-2011,400.09
03-11-2011,399.07
04-11-2011,402.03
07-11-2011,399.91
08-11-2011,402.21
09-11-2011,396.97
10-11-2011,397.03
11-11-2011,386.61
14-11-2011,383.5201
15-11-2011,380.8
16-11-2011,389.25
17-11-2011,383.98
18-11-2011,378.92
21-11-2011,370.4
22-11-2011,371.02
23-11-2011,374.51
25-11-2011,368.42
28-11-2011,372.35
29-11-2011,375.84
30-11-2011,381.29
01-12-2011,382.54
02-12-2011,389.83
05-12-2011,393.49
06-12-2011,392.51
07-12-2011,389.93
08-12-2011,391.45
09-12-2011,392.85
12-12-2011,391.68
13-12-2011,393
14-12-2011,386.7
15-12-2011,383.33
16-12-2011,380.36
19-12-2011,382.47
20-12-2011,387.76
21-12-2011,396.69
22-12-2011,397
23-12-2011,399.69
27-12-2011,403.1
28-12-2011,406.89
29-12-2011,403.4
30-12-2011,403.51
03-01-2012,409.4
04-01-2012,410
05-01-2012,414.95
06-01-2012,419.77
09-01-2012,425.5001
10-01-2012,425.9101
11-01-2012,422.68
12-01-2012,422.28
13-01-2012,419.7
17-01-2012,424.2
18-01-2012,426.96
19-01-2012,430.15
20-01-2012,427.49
23-01-2012,422.67
24-01-2012,425.1001
25-01-2012,454.44
26-01-2012,448.36
27-01-2012,444.34
30-01-2012,445.71
31-01-2012,455.59
01-02-2012,458.41
02-02-2012,455.9
03-02-2012,457.3
06-02-2012,458.38
07-02-2012,465.25
08-02-2012,470.5
09-02-2012,480.76
10-02-2012,490.96
13-02-2012,499.53
14-02-2012,504.66
15-02-2012,514.26
16-02-2012,491.5
17-02-2012,503.11
21-02-2012,506.88
22-02-2012,513.08
23-02-2012,514.54
24-02-2012,519.67
27-02-2012,521.31
28-02-2012,527.96
29-02-2012,541.56
01-03-2012,548.17
02-03-2012,544.24
05-03-2012,545.42
06-03-2012,523.66
07-03-2012,536.8
08-03-2012,534.69
09-03-2012,544.21
12-03-2012,548.982
13-03-2012,557.54
14-03-2012,578.05
15-03-2012,599.61
16-03-2012,584.72
19-03-2012,598.37
20-03-2012,599.51
21-03-2012,602.74
22-03-2012,597.78
23-03-2012,600.49
26-03-2012,599.79
27-03-2012,606.18
28-03-2012,618.38
29-03-2012,612.78
30-03-2012,608.77
02-04-2012,601.83
03-04-2012,627.3
04-04-2012,624.35
05-04-2012,626.98
09-04-2012,626.13
10-04-2012,639.93
11-04-2012,636.2
12-04-2012,625
13-04-2012,624.11
16-04-2012,610.06
17-04-2012,578.94
18-04-2012,613.72
19-04-2012,600.22
20-04-2012,591.38
23-04-2012,570.61
24-04-2012,562.61
25-04-2012,615.635
26-04-2012,614.27
27-04-2012,605.07
30-04-2012,597.8
01-05-2012,584.9
02-05-2012,580.24
03-05-2012,590.5
04-05-2012,577.08
07-05-2012,561.5
08-05-2012,569.58
09-05-2012,563.7
10-05-2012,574.58
11-05-2012,565
14-05-2012,562.57
15-05-2012,561.45
16-05-2012,554.05
17-05-2012,545.31
18-05-2012,533.96
21-05-2012,534.5
22-05-2012,569.55
23-05-2012,557.5
24-05-2012,575.87
25-05-2012,564.59
29-05-2012,570.9
30-05-2012,569.2
31-05-2012,580.74
01-06-2012,569.16
04-06-2012,561.5
05-06-2012,561.27
06-06-2012,567.77
07-06-2012,577.29
08-06-2012,571.6
11-06-2012,587.72
12-06-2012,574.46
13-06-2012,574.52
14-06-2012,571.24
15-06-2012,571
18-06-2012,570.96
19-06-2012,583.4
20-06-2012,588.21
21-06-2012,585.44
22-06-2012,579.04
25-06-2012,577.3
26-06-2012,571.33
27-06-2012,575
28-06-2012,571.67
29-06-2012,578
02-07-2012,584.73
03-07-2012,594.88
05-07-2012,600.56
06-07-2012,607.09
09-07-2012,605.3
10-07-2012,617.97
11-07-2012,606.12
12-07-2012,600.24
13-07-2012,602.95
16-07-2012,605.12
17-07-2012,610.79
18-07-2012,606.59
19-07-2012,611.28
20-07-2012,613.03
23-07-2012,594.4
24-07-2012,607.38
25-07-2012,574.46
26-07-2012,579.76
27-07-2012,575.01
30-07-2012,590.92
31-07-2012,603.23
01-08-2012,615.905
02-08-2012,602.84
03-08-2012,613.63
06-08-2012,617.29
07-08-2012,622.77
08-08-2012,619.39
09-08-2012,617.85
10-08-2012,618.71
13-08-2012,623.39
14-08-2012,631.87
15-08-2012,631.3
16-08-2012,631.21
17-08-2012,640
20-08-2012,650.01
21-08-2012,670.82
22-08-2012,654.42
23-08-2012,666.11
24-08-2012,659.51
27-08-2012,679.99
28-08-2012,674.9773
29-08-2012,675.25
30-08-2012,670.64
31-08-2012,667.25
04-09-2012,665.76
05-09-2012,675.57
06-09-2012,673.17
07-09-2012,678.05
10-09-2012,680.45
11-09-2012,665.11
12-09-2012,666.85
13-09-2012,677.37
14-09-2012,689.955
17-09-2012,699.35
18-09-2012,699.88
19-09-2012,700.26
20-09-2012,699.16
21-09-2012,702.41
24-09-2012,686.86
25-09-2012,688.26
26-09-2012,668.74
27-09-2012,664.29
28-09-2012,678.75
01-10-2012,671.5
02-10-2012,661.81
03-10-2012,664.86
04-10-2012,671.25
05-10-2012,665.2
08-10-2012,646.88
09-10-2012,638.65
10-10-2012,639.74
11-10-2012,646.5
12-10-2012,629.56
15-10-2012,632.35
16-10-2012,635.34
17-10-2012,648.87
18-10-2012,639.59
19-10-2012,631.05
22-10-2012,612.42
23-10-2012,631
24-10-2012,621.44
25-10-2012,620
26-10-2012,609.43
31-10-2012,594.88
01-11-2012,598.22
02-11-2012,595.89
05-11-2012,583.515
06-11-2012,590.23
07-11-2012,573.835
08-11-2012,560.63
09-11-2012,540.42
12-11-2012,554.15
13-11-2012,538.91
14-11-2012,545.5
15-11-2012,537.53
16-11-2012,525.2
19-11-2012,540.7097
20-11-2012,571.91
21-11-2012,564.25
23-11-2012,567.17
26-11-2012,575.9
27-11-2012,589.55
28-11-2012,577.27
29-11-2012,590.215
30-11-2012,586.79
03-12-2012,593.65
04-12-2012,581.8
05-12-2012,568.91
06-12-2012,528.94
07-12-2012,553.4
10-12-2012,525
11-12-2012,539.77
12-12-2012,547.77
13-12-2012,531.15
14-12-2012,514.75
17-12-2012,508.93
18-12-2012,525
19-12-2012,531.47
20-12-2012,530
21-12-2012,512.47
24-12-2012,520.35
26-12-2012,519
27-12-2012,513.54
28-12-2012,510.29
31-12-2012,510.53
02-01-2013,553.82
03-01-2013,547.88
04-01-2013,536.965
07-01-2013,522
08-01-2013,529.21
09-01-2013,522.5
10-01-2013,528.55
11-01-2013,521
14-01-2013,502.68
15-01-2013,498.3
16-01-2013,494.64
17-01-2013,510.31
18-01-2013,498.516
22-01-2013,504.56
23-01-2013,508.81
24-01-2013,460
25-01-2013,451.69
28-01-2013,437.825
29-01-2013,458.5
30-01-2013,457
31-01-2013,456.98
01-02-2013,459.11
04-02-2013,453.91
05-02-2013,444.05
06-02-2013,456.47
07-02-2013,463.25
08-02-2013,474
11-02-2013,476.5
12-02-2013,479.51
13-02-2013,467.21
14-02-2013,464.5199
15-02-2013,468.85
19-02-2013,461.1
20-02-2013,457.69
21-02-2013,446
22-02-2013,449.25
25-02-2013,453.85
26-02-2013,443.82
27-02-2013,448.43
28-02-2013,444.05
01-03-2013,438
04-03-2013,427.8
05-03-2013,421.48
06-03-2013,434.51
07-03-2013,424.5
08-03-2013,429.8
11-03-2013,429.7499
12-03-2013,435.6
13-03-2013,428.45
14-03-2013,432.83
15-03-2013,437.93
18-03-2013,441.45
19-03-2013,459.5
20-03-2013,457.42
21-03-2013,450.22
22-03-2013,454.58
25-03-2013,464.69
26-03-2013,465.44
27-03-2013,456.46
28-03-2013,449.82
01-04-2013,441.9
02-04-2013,427.6
03-04-2013,431.37
04-04-2013,433.76
05-04-2013,424.5
08-04-2013,424.85
09-04-2013,426.36
10-04-2013,428.1
11-04-2013,433.72
12-04-2013,434.15
15-04-2013,427
16-04-2013,421.57
17-04-2013,420.27
18-04-2013,404.99
19-04-2013,387.97
22-04-2013,392.64
23-04-2013,403.99
24-04-2013,393.54
25-04-2013,411.225
26-04-2013,409.81
29-04-2013,420.45
30-04-2013,435.1
01-05-2013,444.46
02-05-2013,441.78
03-05-2013,451.31
06-05-2013,455.71
07-05-2013,464.97
08-05-2013,459.04
09-05-2013,459.81
10-05-2013,457.97
13-05-2013,451.51
14-05-2013,453.85
15-05-2013,439.16
16-05-2013,423.24
17-05-2013,439.05
20-05-2013,431.91
21-05-2013,438.15
22-05-2013,444.05
23-05-2013,435.95
24-05-2013,440.85
28-05-2013,449.9
29-05-2013,440
30-05-2013,445.65
31-05-2013,452.5
03-06-2013,450.73
04-06-2013,453.22
05-06-2013,445.65
06-06-2013,445.47
07-06-2013,436.5
10-06-2013,444.73
11-06-2013,435.74
12-06-2013,439.5
13-06-2013,432.5
14-06-2013,435.4
17-06-2013,431.44
18-06-2013,431.56
19-06-2013,431.4
20-06-2013,419.3
21-06-2013,418.49
24-06-2013,407.4
25-06-2013,405.7
26-06-2013,403.9
27-06-2013,399.25
28-06-2013,391.36
01-07-2013,402.69
02-07-2013,409.96
03-07-2013,420.86
05-07-2013,420.39
08-07-2013,420.11
09-07-2013,413.6
10-07-2013,419.6
11-07-2013,422.95
12-07-2013,427.65
15-07-2013,425.01
16-07-2013,426.52
17-07-2013,429.7
18-07-2013,433.38
19-07-2013,433.1
22-07-2013,429.46
23-07-2013,426
24-07-2013,438.93
25-07-2013,440.7
26-07-2013,435.3
29-07-2013,440.8
30-07-2013,449.96
31-07-2013,454.99
01-08-2013,455.7527
02-08-2013,458.01
05-08-2013,464.69
06-08-2013,468.02
07-08-2013,463.8
08-08-2013,463.855
09-08-2013,458.64
12-08-2013,456.86
13-08-2013,470.94
14-08-2013,497.88
15-08-2013,496.42
16-08-2013,500.15
19-08-2013,504.34
20-08-2013,509.71
21-08-2013,503.59
22-08-2013,504.98
23-08-2013,503.27
26-08-2013,500.75
27-08-2013,498
28-08-2013,486
29-08-2013,491.65
30-08-2013,492
03-09-2013,493.1
04-09-2013,499.56
05-09-2013,500.25
06-09-2013,498.44
09-09-2013,505
10-09-2013,506.2
11-09-2013,467.0101
12-09-2013,468.5
13-09-2013,469.3402
16-09-2013,461
17-09-2013,447.96
18-09-2013,463.18
19-09-2013,470.7
20-09-2013,478
23-09-2013,496.1
24-09-2013,494.88
25-09-2013,489.2
26-09-2013,486
27-09-2013,483.78
30-09-2013,477.25
01-10-2013,478.45
02-10-2013,485.63
03-10-2013,490.51
04-10-2013,483.86
07-10-2013,486.56
08-10-2013,489.94
09-10-2013,484.64
10-10-2013,491.32
11-10-2013,486.99
14-10-2013,489.83
15-10-2013,497.505
16-10-2013,500.79
17-10-2013,499.98
18-10-2013,505.99
21-10-2013,511.77
22-10-2013,526.405
23-10-2013,519
24-10-2013,525
25-10-2013,531.315
28-10-2013,529.04
29-10-2013,536.27
30-10-2013,519.61
31-10-2013,525
01-11-2013,524.02
04-11-2013,521.1
05-11-2013,524.58
06-11-2013,524.15
07-11-2013,519.58
08-11-2013,514.58
11-11-2013,519.99
12-11-2013,517.67
13-11-2013,518
14-11-2013,522.81
15-11-2013,526.58
18-11-2013,524.99
19-11-2013,519.03
20-11-2013,519.23
21-11-2013,517.6
22-11-2013,519.52
25-11-2013,521.02
26-11-2013,524.12
27-11-2013,536.3098
29-11-2013,549.48
02-12-2013,558
03-12-2013,558.3
04-12-2013,565.5
05-12-2013,572.65
06-12-2013,565.79
09-12-2013,560.9001
10-12-2013,563.58
11-12-2013,567
12-12-2013,562.1415
13-12-2013,562.85
16-12-2013,555.02
17-12-2013,555.81
18-12-2013,549.7
19-12-2013,549.5
20-12-2013,545.43
23-12-2013,568
24-12-2013,569.89
26-12-2013,568.1
27-12-2013,563.82
30-12-2013,557.46
31-12-2013,554.17
02-01-2014,555.68
03-01-2014,552.86
06-01-2014,537.45
07-01-2014,544.32
08-01-2014,538.81
09-01-2014,546.8
10-01-2014,539.83
13-01-2014,529.91
14-01-2014,538.22
15-01-2014,553.52
16-01-2014,554.9
17-01-2014,551.48
21-01-2014,540.99
22-01-2014,550.9147
23-01-2014,549.94
24-01-2014,554
27-01-2014,550.07
28-01-2014,508.76
29-01-2014,503.95
30-01-2014,502.54
31-01-2014,495.18
03-02-2014,502.61
04-02-2014,505.85
05-02-2014,506.56
06-02-2014,510.06
07-02-2014,521.38
10-02-2014,518.66
11-02-2014,530.61
12-02-2014,536.95
13-02-2014,534.66
14-02-2014,542.47
18-02-2014,546
19-02-2014,544.75
20-02-2014,532.99
21-02-2014,532.7927
24-02-2014,523.15
25-02-2014,529.38
26-02-2014,523.61
27-02-2014,517.14
28-02-2014,529.08
03-03-2014,523.42
04-03-2014,531
05-03-2014,530.92
06-03-2014,532.79
07-03-2014,531.09
10-03-2014,528.36
11-03-2014,535.45
12-03-2014,534.51
13-03-2014,537.44
14-03-2014,528.79
17-03-2014,527.7
18-03-2014,525.9
19-03-2014,532.26
20-03-2014,529.89
21-03-2014,531.93
24-03-2014,538.42
25-03-2014,541.5
26-03-2014,546.52
27-03-2014,540.015
28-03-2014,538.32
31-03-2014,539.23
01-04-2014,537.76
02-04-2014,542.38
03-04-2014,541.39
04-04-2014,539.81
07-04-2014,528.02
08-04-2014,525.19
09-04-2014,522.64
10-04-2014,530.68
11-04-2014,519
14-04-2014,521.9
15-04-2014,520.27
16-04-2014,518.05
17-04-2014,520
21-04-2014,525.34
22-04-2014,528.31
23-04-2014,529.06
24-04-2014,568.21
25-04-2014,564.53
28-04-2014,572.8
29-04-2014,593.74
30-04-2014,592.64
01-05-2014,592
02-05-2014,592.34
05-05-2014,590.14
06-05-2014,601.8
07-05-2014,595.25
08-05-2014,588.25
09-05-2014,584.54
12-05-2014,587.49
13-05-2014,592
14-05-2014,592.43
15-05-2014,594.7
16-05-2014,588.63
19-05-2014,597.85
20-05-2014,604.51
21-05-2014,603.83
22-05-2014,606.6
23-05-2014,607.25
27-05-2014,615.88
28-05-2014,626.02
29-05-2014,627.85
30-05-2014,637.98
02-06-2014,633.96
03-06-2014,628.46
04-06-2014,637.44
05-06-2014,646.2
06-06-2014,649.9
09-06-2014,92.7
10-06-2014,94.73
11-06-2014,94.13
12-06-2014,94.04
13-06-2014,92.2
16-06-2014,91.51
17-06-2014,92.31
18-06-2014,92.27
19-06-2014,92.29
20-06-2014,91.85
23-06-2014,91.32
24-06-2014,90.75
25-06-2014,90.21
26-06-2014,90.37
27-06-2014,90.82
30-06-2014,92.1
01-07-2014,93.52
02-07-2014,93.865
03-07-2014,93.67
07-07-2014,94.14
08-07-2014,96.27
09-07-2014,95.44
10-07-2014,93.76
11-07-2014,95.36
14-07-2014,95.86
15-07-2014,96.8
16-07-2014,96.97
17-07-2014,95.03
18-07-2014,93.62
21-07-2014,94.99
22-07-2014,94.68
23-07-2014,95.42
24-07-2014,97.035
25-07-2014,96.85
28-07-2014,97.82
29-07-2014,99.33
30-07-2014,98.44
31-07-2014,97.16
01-08-2014,94.9
04-08-2014,96.37
05-08-2014,95.36
06-08-2014,94.75
07-08-2014,94.93
08-08-2014,94.26
11-08-2014,95.27
12-08-2014,96.04
13-08-2014,96.15
14-08-2014,97.33
15-08-2014,97.9
18-08-2014,98.49
19-08-2014,99.41
20-08-2014,100.44
21-08-2014,100.57
22-08-2014,100.29
25-08-2014,101.79
26-08-2014,101.42
27-08-2014,101.02
28-08-2014,101.59
29-08-2014,102.86
02-09-2014,103.06
03-09-2014,103.1
04-09-2014,98.85
05-09-2014,98.8
08-09-2014,99.3
09-09-2014,99.08
10-09-2014,98.01
11-09-2014,100.41
12-09-2014,101.21
15-09-2014,102.81
16-09-2014,99.8
17-09-2014,101.27
18-09-2014,101.93
19-09-2014,102.29
22-09-2014,101.8
23-09-2014,100.6
24-09-2014,102.16
25-09-2014,100.51
26-09-2014,98.53
29-09-2014,98.65
30-09-2014,100.81
01-10-2014,100.59
02-10-2014,99.27
03-10-2014,99.44
06-10-2014,99.95
07-10-2014,99.43
08-10-2014,98.76
09-10-2014,101.54
10-10-2014,100.69
13-10-2014,101.33
14-10-2014,100.39
15-10-2014,97.97
16-10-2014,95.55
17-10-2014,97.5
20-10-2014,98.315
21-10-2014,103.02
22-10-2014,102.84
23-10-2014,104.08
24-10-2014,105.18
27-10-2014,104.85
28-10-2014,105.4
29-10-2014,106.65
30-10-2014,106.959
31-10-2014,108.01
03-11-2014,108.22
04-11-2014,109.36
05-11-2014,109.1
06-11-2014,108.6
07-11-2014,108.75
10-11-2014,109.02
11-11-2014,108.7
12-11-2014,109.38
13-11-2014,111.8
14-11-2014,113.15
17-11-2014,114.27
18-11-2014,113.94
19-11-2014,115.44
20-11-2014,114.91
21-11-2014,117.51
24-11-2014,116.85
25-11-2014,119.07
26-11-2014,117.94
28-11-2014,119.27
01-12-2014,118.81
02-12-2014,113.5
03-12-2014,115.75
04-12-2014,115.77
05-12-2014,115.99
08-12-2014,114.1
09-12-2014,110.19
10-12-2014,114.41
11-12-2014,112.26
12-12-2014,110.46
15-12-2014,110.7
16-12-2014,106.37
17-12-2014,107.12
18-12-2014,111.87
19-12-2014,112.26
22-12-2014,112.16
23-12-2014,113.23
24-12-2014,112.58
26-12-2014,112.1
29-12-2014,113.79
30-12-2014,113.64
31-12-2014,112.82
02-01-2015,111.39
05-01-2015,108.29
06-01-2015,106.54
07-01-2015,107.2
08-01-2015,109.23
09-01-2015,112.67
12-01-2015,112.6
13-01-2015,111.43
14-01-2015,109.04
15-01-2015,110
16-01-2015,107.03
20-01-2015,107.84
21-01-2015,108.95
22-01-2015,110.26
23-01-2015,112.3
26-01-2015,113.74
27-01-2015,112.42
28-01-2015,117.625
29-01-2015,116.32
30-01-2015,118.4
02-02-2015,118.05
03-02-2015,118.5
04-02-2015,118.5
05-02-2015,120.02
06-02-2015,120.02
09-02-2015,118.55
10-02-2015,120.17
11-02-2015,122.77
12-02-2015,126.06
13-02-2015,127.28
17-02-2015,127.49
18-02-2015,127.625
19-02-2015,128.48
20-02-2015,128.62
23-02-2015,130.02
24-02-2015,132.94
25-02-2015,131.56
26-02-2015,128.785
27-02-2015,130
02-03-2015,129.25
03-03-2015,128.96
04-03-2015,129.1
05-03-2015,128.58
06-03-2015,128.4
09-03-2015,127.96
10-03-2015,126.41
11-03-2015,124.75
12-03-2015,122.31
13-03-2015,124.4
16-03-2015,123.88
17-03-2015,125.9
18-03-2015,127
19-03-2015,128.75
20-03-2015,128.25
23-03-2015,127.12
24-03-2015,127.23
25-03-2015,126.54
26-03-2015,122.76
27-03-2015,124.57
30-03-2015,124.05
31-03-2015,126.09
01-04-2015,124.82
02-04-2015,125.03
06-04-2015,124.47
07-04-2015,127.64
08-04-2015,125.85
09-04-2015,125.85
10-04-2015,125.95
13-04-2015,128.37
14-04-2015,127
15-04-2015,126.41
16-04-2015,126.28
17-04-2015,125.55
20-04-2015,125.57
21-04-2015,128.1
22-04-2015,126.99
23-04-2015,128.3
24-04-2015,130.49
27-04-2015,132.31
28-04-2015,134.455
29-04-2015,130.16
30-04-2015,127.5
01-05-2015,126.1
04-05-2015,129.5
05-05-2015,128.15
06-05-2015,126.56
07-05-2015,124.77
08-05-2015,126.68
11-05-2015,127.39
12-05-2015,125.6
13-05-2015,126.15
14-05-2015,127.41
15-05-2015,129.07
18-05-2015,128.38
19-05-2015,130.69
20-05-2015,130
21-05-2015,130.07
22-05-2015,131.6
26-05-2015,132.6
27-05-2015,130.34
28-05-2015,131.86
29-05-2015,131.23
01-06-2015,131.2
02-06-2015,129.86
03-06-2015,130.66
04-06-2015,129.58
05-06-2015,129.5
08-06-2015,128.9
09-06-2015,126.7
10-06-2015,127.92
11-06-2015,129.18
12-06-2015,128.185
15-06-2015,126.1
16-06-2015,127.03
17-06-2015,127.72
18-06-2015,127.23
19-06-2015,127.71
22-06-2015,127.49
23-06-2015,127.48
24-06-2015,127.21
25-06-2015,128.86
26-06-2015,127.67
29-06-2015,125.46
30-06-2015,125.57
01-07-2015,126.9
02-07-2015,126.43
06-07-2015,124.94
07-07-2015,125.89
08-07-2015,124.48
09-07-2015,123.85
10-07-2015,121.94
13-07-2015,125.03
14-07-2015,126.04
15-07-2015,125.72
16-07-2015,127.74
17-07-2015,129.08
20-07-2015,130.97
21-07-2015,132.85
22-07-2015,121.99
23-07-2015,126.2
24-07-2015,125.32
27-07-2015,123.09
28-07-2015,123.38
29-07-2015,123.15
30-07-2015,122.32
31-07-2015,122.6
03-08-2015,121.5
04-08-2015,117.42
05-08-2015,112.95
06-08-2015,115.97
07-08-2015,114.58
10-08-2015,116.53
11-08-2015,117.81
12-08-2015,112.53
13-08-2015,116.04
14-08-2015,114.32
17-08-2015,116.04
18-08-2015,116.43
19-08-2015,116.1
20-08-2015,114.08
21-08-2015,110.43
24-08-2015,94.87
25-08-2015,111.11
26-08-2015,107.085
27-08-2015,112.25
28-08-2015,112.17
31-08-2015,112.13
01-09-2015,110.18
02-09-2015,110
03-09-2015,112.49
04-09-2015,108.97
08-09-2015,111.65
09-09-2015,113.76
10-09-2015,110.27
11-09-2015,111.79
14-09-2015,116.58
15-09-2015,115.93
16-09-2015,116.25
17-09-2015,115.66
18-09-2015,112.21
21-09-2015,113.67
22-09-2015,113.38
23-09-2015,113.63
24-09-2015,113.25
25-09-2015,116.44
28-09-2015,113.85
29-09-2015,112.83
30-09-2015,110.17
01-10-2015,109.07
02-10-2015,108.01
05-10-2015,109.88
06-10-2015,110.63
07-10-2015,111.74
08-10-2015,110.19
09-10-2015,110
12-10-2015,112.73
13-10-2015,110.82
14-10-2015,111.29
15-10-2015,110.93
16-10-2015,111.78
19-10-2015,110.8
20-10-2015,111.34
21-10-2015,114
22-10-2015,114.33
23-10-2015,116.7
26-10-2015,118.08
27-10-2015,115.4
28-10-2015,116.93
29-10-2015,118.7
30-10-2015,120.99
02-11-2015,119.87
03-11-2015,120.79
04-11-2015,123.13
05-11-2015,121.85
06-11-2015,121.11
09-11-2015,120.96
10-11-2015,116.9
11-11-2015,116.37
12-11-2015,116.26
13-11-2015,115.2
16-11-2015,111.38
17-11-2015,114.92
18-11-2015,115.76
19-11-2015,117.64
20-11-2015,119.2
23-11-2015,119.27
24-11-2015,117.33
25-11-2015,119.21
27-11-2015,118.29
30-11-2015,117.99
01-12-2015,118.75
02-12-2015,117.05
03-12-2015,116.55
04-12-2015,115.29
07-12-2015,118.98
08-12-2015,117.52
09-12-2015,117.64
10-12-2015,116.04
11-12-2015,115.19
14-12-2015,112.18
15-12-2015,111.94
16-12-2015,111.07
17-12-2015,112.02
18-12-2015,108.91
21-12-2015,107.28
22-12-2015,107.4
23-12-2015,107.27
24-12-2015,109
28-12-2015,107.59
29-12-2015,106.96
30-12-2015,108.58
31-12-2015,107.01
04-01-2016,102.61
05-01-2016,105.75
06-01-2016,100.56
07-01-2016,98.68
08-01-2016,98.55
11-01-2016,98.97
12-01-2016,100.55
13-01-2016,100.32
14-01-2016,97.96
15-01-2016,96.2
19-01-2016,98.41
20-01-2016,95.1
21-01-2016,97.06
22-01-2016,98.63
25-01-2016,101.52
26-01-2016,99.93
27-01-2016,96.04
28-01-2016,93.79
29-01-2016,94.79
01-02-2016,96.47
02-02-2016,95.42
03-02-2016,95
04-02-2016,95.86
05-02-2016,96.52
08-02-2016,93.13
09-02-2016,94.29
10-02-2016,95.92
11-02-2016,93.79
12-02-2016,94.19
16-02-2016,95.02
17-02-2016,96.67
18-02-2016,98.84
19-02-2016,96
22-02-2016,96.31
23-02-2016,96.4
24-02-2016,93.98
25-02-2016,96.05
26-02-2016,97.2
29-02-2016,96.86
01-03-2016,97.65
02-03-2016,100.51
03-03-2016,100.58
04-03-2016,102.37
07-03-2016,102.39
08-03-2016,100.78
09-03-2016,101.31
10-03-2016,101.41
11-03-2016,102.24
14-03-2016,101.91
15-03-2016,103.96
16-03-2016,104.61
17-03-2016,105.52
18-03-2016,106.34
21-03-2016,105.93
22-03-2016,105.25
23-03-2016,106.48
24-03-2016,105.47
28-03-2016,106
29-03-2016,104.89
30-03-2016,108.65
31-03-2016,109.72
01-04-2016,108.78
04-04-2016,110.42
05-04-2016,109.51
06-04-2016,110.23
07-04-2016,109.95
08-04-2016,108.91
11-04-2016,108.97
12-04-2016,109.34
13-04-2016,110.8
14-04-2016,111.62
15-04-2016,112.11
18-04-2016,108.89
19-04-2016,107.88
20-04-2016,106.64
21-04-2016,106.93
22-04-2016,105.01
25-04-2016,105
26-04-2016,103.91
27-04-2016,96
28-04-2016,97.61
29-04-2016,93.99
02-05-2016,93.965
03-05-2016,94.2
04-05-2016,95.2
05-05-2016,94
06-05-2016,93.37
09-05-2016,93
10-05-2016,93.33
11-05-2016,93.48
12-05-2016,92.72
13-05-2016,90
16-05-2016,92.39
17-05-2016,94.55
18-05-2016,94.16
19-05-2016,94.64
20-05-2016,94.64
23-05-2016,95.87
24-05-2016,97.22
25-05-2016,98.67
26-05-2016,99.68
27-05-2016,99.44
31-05-2016,99.6
01-06-2016,99.02
02-06-2016,97.6
03-06-2016,97.79
06-06-2016,97.99
07-06-2016,99.25
08-06-2016,99.02
09-06-2016,98.5
10-06-2016,98.53
13-06-2016,98.69
14-06-2016,97.32
15-06-2016,97.82
16-06-2016,96.45
17-06-2016,96.62
20-06-2016,96
21-06-2016,94.94
22-06-2016,96.25
23-06-2016,95.94
24-06-2016,92.91
27-06-2016,93
28-06-2016,92.9
29-06-2016,93.97
30-06-2016,94.44
01-07-2016,95.49
05-07-2016,95.39
06-07-2016,94.6
07-07-2016,95.7
08-07-2016,96.49
11-07-2016,96.75
12-07-2016,97.17
13-07-2016,97.41
14-07-2016,97.39
15-07-2016,98.92
18-07-2016,98.7
19-07-2016,99.56
20-07-2016,100
21-07-2016,99.83
22-07-2016,99.26
25-07-2016,98.25
26-07-2016,96.82
27-07-2016,104.265
28-07-2016,102.83
29-07-2016,104.19
01-08-2016,104.41
02-08-2016,106.05
03-08-2016,104.81
04-08-2016,105.58
05-08-2016,106.27
08-08-2016,107.52
09-08-2016,108.23
10-08-2016,108.71
11-08-2016,108.52
12-08-2016,107.78
15-08-2016,108.14
16-08-2016,109.63
17-08-2016,109.1
18-08-2016,109.23
19-08-2016,108.77
22-08-2016,108.86
23-08-2016,108.59
24-08-2016,108.565
25-08-2016,107.39
26-08-2016,107.41
29-08-2016,106.62
30-08-2016,105.8
31-08-2016,105.66
01-09-2016,106.14
02-09-2016,107.7
06-09-2016,107.9
07-09-2016,107.83
08-09-2016,107.25
09-09-2016,104.64
12-09-2016,102.65
13-09-2016,107.51
14-09-2016,108.73
15-09-2016,113.86
16-09-2016,115.12
19-09-2016,115.19
20-09-2016,113.05
21-09-2016,113.85
22-09-2016,114.35
23-09-2016,114.42
26-09-2016,111.64
27-09-2016,113
28-09-2016,113.69
29-09-2016,113.16
30-09-2016,112.46
03-10-2016,112.71
04-10-2016,113.06
05-10-2016,113.4
06-10-2016,113.7
07-10-2016,114.31
10-10-2016,115.02
11-10-2016,117.7
12-10-2016,117.35
13-10-2016,116.79
14-10-2016,117.88
17-10-2016,117.33
18-10-2016,118.18
19-10-2016,117.25
20-10-2016,116.86
21-10-2016,116.81
24-10-2016,117.1
25-10-2016,117.95
26-10-2016,114.31
27-10-2016,115.39
28-10-2016,113.87
31-10-2016,113.65
01-11-2016,113.46
02-11-2016,111.4
03-11-2016,110.98
04-11-2016,108.53
07-11-2016,110.08
08-11-2016,110.31
09-11-2016,109.88
10-11-2016,111.09
11-11-2016,106.92
14-11-2016,107.32
15-11-2016,106.57
16-11-2016,106.7
17-11-2016,109.81
18-11-2016,109.72
21-11-2016,110.12
22-11-2016,111.95
23-11-2016,111.36
25-11-2016,111.13
28-11-2016,111.43
29-11-2016,110.78
30-11-2016,111.56
01-12-2016,110.365
02-12-2016,109.17
05-12-2016,110
06-12-2016,109.5
07-12-2016,109.26
08-12-2016,110.86
09-12-2016,112.31
12-12-2016,113.29
13-12-2016,113.84
14-12-2016,115.04
15-12-2016,115.38
16-12-2016,116.47
19-12-2016,115.8
20-12-2016,116.74
21-12-2016,116.8
22-12-2016,116.35
23-12-2016,115.59
27-12-2016,116.52
28-12-2016,117.52
29-12-2016,116.45
30-12-2016,116.65
03-01-2017,115.8
04-01-2017,115.85
05-01-2017,115.92
06-01-2017,116.78
09-01-2017,117.95
10-01-2017,118.77
11-01-2017,118.74
12-01-2017,118.895
13-01-2017,119.11
17-01-2017,118.34
18-01-2017,120
19-01-2017,119.4
20-01-2017,120.45
23-01-2017,120
24-01-2017,119.55
25-01-2017,120.42
26-01-2017,121.67
27-01-2017,122.14
30-01-2017,120.93
31-01-2017,121.15
01-02-2017,127.03
02-02-2017,127.975
03-02-2017,128.31
06-02-2017,129.13
07-02-2017,130.54
08-02-2017,131.35
09-02-2017,131.65
10-02-2017,132.46
13-02-2017,133.08
14-02-2017,133.47
15-02-2017,135.52
16-02-2017,135.67
17-02-2017,135.1
21-02-2017,136.23
22-02-2017,136.43
23-02-2017,137.38
24-02-2017,135.91
27-02-2017,137.14
28-02-2017,137.08
01-03-2017,137.89
02-03-2017,140
03-03-2017,138.78
06-03-2017,139.365
07-03-2017,139.06
08-03-2017,138.95
09-03-2017,138.74
10-03-2017,139.25
13-03-2017,138.85
14-03-2017,139.3
15-03-2017,139.41
16-03-2017,140.72
17-03-2017,141
20-03-2017,140.4
21-03-2017,142.11
22-03-2017,139.845
23-03-2017,141.26
24-03-2017,141.5
27-03-2017,139.39
28-03-2017,140.91
29-03-2017,143.68
30-03-2017,144.19
31-03-2017,143.72
03-04-2017,143.71
04-04-2017,143.25
05-04-2017,144.22
06-04-2017,144.29
07-04-2017,143.73
10-04-2017,143.6
11-04-2017,142.94
12-04-2017,141.6
13-04-2017,141.91
17-04-2017,141.48
18-04-2017,141.41
19-04-2017,141.88
20-04-2017,141.22
21-04-2017,142.44
24-04-2017,143.5
25-04-2017,143.91
26-04-2017,144.47
27-04-2017,143.9225
28-04-2017,144.09
01-05-2017,145.1
02-05-2017,147.54
03-05-2017,145.59
04-05-2017,146.52
05-05-2017,146.76
08-05-2017,149.03
09-05-2017,153.87
10-05-2017,153.63
11-05-2017,152.45
12-05-2017,154.7
15-05-2017,156.01
16-05-2017,155.94
17-05-2017,153.6
18-05-2017,151.27
19-05-2017,153.38
22-05-2017,154
23-05-2017,154.9
24-05-2017,153.84
25-05-2017,153.73
26-05-2017,154
30-05-2017,153.42
31-05-2017,153.97
01-06-2017,153.17
02-06-2017,153.58
05-06-2017,154.34
06-06-2017,153.9
07-06-2017,155.02
08-06-2017,155.25
09-06-2017,155.19
12-06-2017,145.74
13-06-2017,147.16
14-06-2017,147.5
15-06-2017,143.32
16-06-2017,143.78
19-06-2017,143.66
20-06-2017,146.87
21-06-2017,145.52
22-06-2017,145.77
23-06-2017,145.13
26-06-2017,147.17
27-06-2017,145.01
28-06-2017,144.49
29-06-2017,144.71
30-06-2017,144.45
03-07-2017,144.88
05-07-2017,143.69
06-07-2017,143.02
07-07-2017,142.9
10-07-2017,144.11
11-07-2017,144.73
12-07-2017,145.87
13-07-2017,145.5
14-07-2017,147.97
17-07-2017,148.82
18-07-2017,149.2
19-07-2017,150.48
20-07-2017,151.5
21-07-2017,149.99
24-07-2017,150.58
25-07-2017,151.8
26-07-2017,153.35
27-07-2017,153.75
28-07-2017,149.89
31-07-2017,149.9
01-08-2017,149.1
02-08-2017,159.28
03-08-2017,157.05
04-08-2017,156.07
08-08-2017,158.6
09-08-2017,159.26
10-08-2017,159.9
11-08-2017,156.6
14-08-2017,159.32
15-08-2017,160.66
16-08-2017,161.94
17-08-2017,160.52
18-08-2017,157.86
21-08-2017,157.5
22-08-2017,158.23
23-08-2017,159.07
24-08-2017,160.43
25-08-2017,159.65
28-08-2017,160.14
29-08-2017,160.1
30-08-2017,163.8
31-08-2017,163.64
01-09-2017,164.8
05-09-2017,163.75
06-09-2017,162.71
07-09-2017,162.09
08-09-2017,160.86
11-09-2017,160.5
12-09-2017,162.61
13-09-2017,159.87
14-09-2017,158.99
15-09-2017,158.47
18-09-2017,160.11
19-09-2017,159.51
20-09-2017,157.9
21-09-2017,155.8
22-09-2017,152.02
25-09-2017,149.99
26-09-2017,151.78
27-09-2017,153.8
28-09-2017,153.89
29-09-2017,153.21
02-10-2017,154.26
03-10-2017,154.01
04-10-2017,153.63
05-10-2017,154.18
06-10-2017,154.97
09-10-2017,155.81
10-10-2017,156.055
11-10-2017,155.97
12-10-2017,156.35
13-10-2017,156.73
16-10-2017,157.9
17-10-2017,159.78
18-10-2017,160.42
19-10-2017,156.75
20-10-2017,156.61
23-10-2017,156.89
24-10-2017,156.29
25-10-2017,156.91
26-10-2017,157.23
27-10-2017,159.29
30-10-2017,163.89
31-10-2017,167.9
01-11-2017,169.87
02-11-2017,167.64
03-11-2017,174
06-11-2017,172.365
07-11-2017,173.91
09-11-2017,175.11
10-11-2017,175.11
13-11-2017,173.5
14-11-2017,173.04
15-11-2017,169.97
16-11-2017,171.18
17-11-2017,171.04
20-11-2017,170.29
21-11-2017,170.78
22-11-2017,173.36
24-11-2017,175.1
27-11-2017,175.05
28-11-2017,174.3
29-11-2017,172.63
30-11-2017,170.43
01-12-2017,169.95
